docking station?,loop?,timed?,loop time,dubins path?,Catamaran
FALSE,TRUE,TRUE,10800,FALSE,FALSE
x,y,action,time to point,hold-radius,docking traj
0.0,0.0,move,"1000"
-2.4432845200644806,19.300942355766892,move,"1000"
4.455638691782951,27.07585997506976,move,"1000"
17.297302523511462,22.285869443789124,move,"1000"
14.783864149823785,8.260398368351161,move,"1000"
7.780003281426616,5.139386875554919,move,"1000"