docking station,loop,timed,loop time,dubins path,Catamaran
FALSE,TRUE,TRUE,10800,FALSE,FALSE
lat,long,action,time to point,hold-radius,docking traj
40.44773327367823,-86.86849008227384,move,1000
40.447803225953784,-86.86840859024994,move,1000
40.447759900066664,-86.8682572392935,move,1000
40.447633577249334,-86.86828712564201,move,1000
40.447605553880024,-86.8683697732619,move,1000