docking station?,loop?,timed?,loop time,dubins path?,Catamaran
FALSE,TRUE,TRUE,10800,TRUE,FALSE
lat,long,action,time to point,hold-radius,docking traj
-33.722591400146484,150.67396545410156,move,"1000"
-33.72236251831055,150.67364501953125,move,"1000"
-33.72227478027344,150.6742706298828,move,"1000"
