docking station?,loop?,timed?,loop time,dubins path?,Catamaran
FALSE,TRUE,TRUE,10800,FALSE,FALSE
lat,long,action,time to point,hold-radius,docking traj
-33.722765834294044,150.67398711024646,move,"1000"
-33.722591400146484,150.67396545410156,move,"1000"
-33.7225227355957,150.67404174804688,move,"1000"
-33.72256851196289,150.67417907714844,move,"1000"
-33.722694396972656,150.6741485595703,move,"1000"
-33.722721099853516,150.674072265625,move,"1000"